{
  "train_accs": [
    0.8563683871009781,
    0.9401460329878089,
    0.9527140221763023,
    0.956331193217815,
    0.962981292040815,
    0.9668586110875619,
    0.9703128463935944,
    0.9726747480800673,
    0.9732873677076274,
    0.9741210077676108,
    0.9763454309743911,
    0.9767632746389415,
    0.977847812185987,
    0.9787095386740872,
    0.9798446781734362,
    0.9806870587009198,
    0.9813653665658567,
    0.9815931326220009,
    0.9824965273475457,
    0.9833965998841018,
    0.9849439227960355,
    0.985308693497483,
    0.9854728805388715,
    0.9855595196942323,
    0.986732125858989,
    0.9871677061541569,
    0.9882367524824823,
    0.9888439520934685,
    0.9889747351263244,
    0.9902596344919699
  ],
  "val_accs": [
    0.4998331943286072,
    0.6791492910758966,
    0.9215179316096748,
    0.9531276063386155,
    0.9663886572143453,
    0.9703085904920767,
    0.9715596330275229,
    0.9732276897414512,
    0.9741451209341118,
    0.9746455379482902,
    0.9733110925771477,
    0.9733944954128441,
    0.9745621351125938,
    0.9757297748123436,
    0.9756463719766472,
    0.9754795663052543,
    0.9769808173477899,
    0.9768974145120934,
    0.9774812343619683,
    0.9772310258548791,
    0.9783986655546288,
    0.9778982485404504,
    0.9769808173477899,
    0.9773144286905755,
    0.9776480400333611,
    0.9783152627189324,
    0.976814011676397,
    0.9772310258548791,
    0.9781484570475396,
    0.978231859883236
  ]
}