{
  "train_accs": [
    0.6680367030118983,
    0.7249433878293651,
    0.7309711114310772,
    0.7318481092189484,
    0.7317892063824496,
    0.7322211605167742,
    0.732280063353273,
    0.7322407947956071,
    0.732286608112884,
    0.7324698613819914,
    0.732620390853044,
    0.7326400251318769,
    0.732947628833593
  ],
  "val_accs": [
    0.6735613010842368,
    0.7343619683069225,
    0.7525437864887407,
    0.7534612176814012,
    0.7522935779816514,
    0.7530442035029191,
    0.7532944120100084,
    0.7531276063386155,
    0.7530442035029191,
    0.7531276063386155,
    0.7533778148457048,
    0.7535446205170976,
    0.7531276063386155
  ]
}