{
  "train_accs": [
    0.8544787546670664,
    0.9401851489666863,
    0.9541872274407296,
    0.957552561280673,
    0.9636064100644002,
    0.9661282223511996,
    0.9697716573425661,
    0.9720950228307528,
    0.9726161305458527,
    0.9741079639207195,
    0.9766451032892294,
    0.9769652198271088,
    0.977632489005468,
    0.9797848144986282,
    0.9799164052973741,
    0.9803288085250514,
    0.9810199186567943,
    0.9822253798371801,
    0.983083454522926,
    0.9840542247514373,
    0.9843179447052687,
    0.9845979290017998,
    0.9852644196318059,
    0.9863226345071388,
    0.987142875770971,
    0.9874479441609478,
    0.9883150436473244,
    0.9883815589811721,
    0.9895419722901385,
    0.9905332768674463,
    0.9900599661061139,
    0.9908593154903352,
    0.9910271531248575,
    0.9913823448887267,
    0.9917295538002961,
    0.9921485583971331,
    0.9928900669861458,
    0.993023573936437,
    0.9936991763969975
  ],
  "val_accs": [
    0.4998331943286072,
    0.7023352793994996,
    0.9137614678899083,
    0.9520433694745621,
    0.9682235195996663,
    0.9707256046705588,
    0.9707256046705588,
    0.9718098415346121,
    0.972977481234362,
    0.9738115095913261,
    0.9730608840700584,
    0.9740617180984154,
    0.9745621351125938,
    0.9759799833194328,
    0.9755629691409508,
    0.9748957464553795,
    0.9752293577981651,
    0.9765638031693078,
    0.9760633861551292,
    0.9768974145120934,
    0.9753961634695579,
    0.9766472060050042,
    0.9759799833194328,
    0.9759799833194328,
    0.9767306088407006,
    0.9770642201834863,
    0.9767306088407006,
    0.9764804003336114,
    0.9768974145120934,
    0.9778982485404504,
    0.9778982485404504,
    0.9771476230191827,
    0.9760633861551292,
    0.9761467889908257,
    0.9766472060050042,
    0.9762301918265222,
    0.9757297748123436,
    0.9751459549624687,
    0.9750625521267723
  ]
}