{
  "train_accs": [
    0.7182088301896671,
    0.7403235729151668,
    0.7669411102530204,
    0.7989122609526552,
    0.8507271227927798,
    0.8928295613702109,
    0.8958794193489273,
    0.9005131091535008,
    0.9198594185635561,
    0.9385643415317355,
    0.9592392371428198,
    0.9704176865583727,
    0.9652800502637539,
    0.9753851591031062
  ],
  "val_accs": [
    0.7567139282735613,
    0.7720600500417014,
    0.7805671392827356,
    0.7924937447873228,
    0.7994995829858215,
    0.7992493744787322,
    0.793744787322769,
    0.7863219349457882,
    0.784487072560467,
    0.7804003336113428,
    0.7766472060050041,
    0.7710592160133445,
    0.7673894912427023,
    0.7644703919933278
  ]
}