{
  "train_accs": [
    0.7582169456915847,
    0.9055983873712319,
    0.9311294946136628,
    0.9421639593177743,
    0.9468500071992356,
    0.9527206565702842,
    0.958499679306779,
    0.9632315405055172,
    0.9661374137727922,
    0.9701493514143226,
    0.9739453119886906,
    0.9752477191512756,
    0.9764781339581398,
    0.9774794821786196,
    0.9806340563111117,
    0.9826956555885702,
    0.9843253007317041,
    0.9853659175098498,
    0.986923570297263,
    0.9887037449114494,
    0.9895741979397097,
    0.9905951804390225,
    0.991072947890624,
    0.9895283846224329,
    0.9905755461601895,
    0.9932065395238033,
    0.9939722763982879,
    0.9947183789939396,
    0.9946725656766627,
    0.9951830569263191,
    0.9954972053876461
  ],
  "val_accs": [
    0.6495412844036698,
    0.8441201000834029,
    0.912510425354462,
    0.9476230191826522,
    0.9537114261884904,
    0.9558798999165972,
    0.9572143452877397,
    0.9585487906588824,
    0.9592160133444537,
    0.9601334445371142,
    0.9612176814011676,
    0.9614678899082569,
    0.9615512927439533,
    0.9618015012510426,
    0.9613844870725604,
    0.9620517097581318,
    0.9627189324437031,
    0.963302752293578,
    0.963302752293578,
    0.9628857381150959,
    0.9630525437864887,
    0.9634695579649708,
    0.9629691409507923,
    0.9629691409507923,
    0.9631359466221852,
    0.9630525437864887,
    0.9620517097581318,
    0.9628857381150959,
    0.9627189324437031,
    0.9618015012510426,
    0.9623853211009175
  ]
}