{
  "train_accs": [
    0.8565703822921893,
    0.9440902275246105,
    0.9539264831461407,
    0.9581599796220943,
    0.9643031561948545,
    0.9668781750715716,
    0.970977922094858,
    0.9739058500140046,
    0.9738087169594911,
    0.9749166824279817,
    0.977075067914867,
    0.9772257942634538,
    0.9782915084367537,
    0.9797848144986282,
    0.9804967429365085,
    0.9809085224460019,
    0.9814761706121597,
    0.9825252084134506,
    0.9835725605024097,
    0.9846662716576704,
    0.9853221178925404,
    0.9857716685359555,
    0.9865216994775449,
    0.9867987659716017,
    0.987755740719008,
    0.9884059671143958,
    0.9888108876913241,
    0.9898664270037577,
    0.9898614506927466,
    0.9909046486627358,
    0.9907117716073524,
    0.9913866626735851,
    0.9917178733636121,
    0.9922623626194542,
    0.9920621979297795,
    0.9928392246294184,
    0.9933470874737214,
    0.9934990913058489,
    0.9939598102585487,
    0.9938530734632683,
    0.994247550969829
  ],
  "val_accs": [
    0.4998331943286072,
    0.6580483736447039,
    0.918348623853211,
    0.9597164303586322,
    0.9679733110925771,
    0.9692243536280234,
    0.9716430358632193,
    0.972393661384487,
    0.9734778982485405,
    0.9735613010842369,
    0.9739783152627189,
    0.9744787322768974,
    0.9748957464553795,
    0.9752293577981651,
    0.9755629691409508,
    0.9757297748123436,
    0.9756463719766472,
    0.9770642201834863,
    0.9768974145120934,
    0.9772310258548791,
    0.9763135946622186,
    0.9767306088407006,
    0.9767306088407006,
    0.9763135946622186,
    0.9769808173477899,
    0.9766472060050042,
    0.9779816513761468,
    0.9779816513761468,
    0.9773978315262719,
    0.9773144286905755,
    0.9773978315262719,
    0.9786488740617181,
    0.9775646371976647,
    0.9778982485404504,
    0.9772310258548791,
    0.9765638031693078,
    0.976396997497915,
    0.9753961634695579,
    0.9759799833194328,
    0.9755629691409508,
    0.974812343619683
  ]
}