{
  "train_accs": [
    0.8011178449415552,
    0.9071953087163108,
    0.9308218909119468,
    0.9426286372501538,
    0.9518371140228019,
    0.9606790842572352,
    0.9667657106954461,
    0.9715433852114612,
    0.975123368718667,
    0.9782779428511591,
    0.9807453172244983,
    0.9824796785214079,
    0.9849077843370813,
    0.9858175059230074,
    0.9864654371244944,
    0.9884157754885663,
    0.9884943126038981,
    0.9897116378915403,
    0.9909158736599605
  ],
  "val_accs": [
    0.4998331943286072,
    0.7968306922435363,
    0.9344453711426188,
    0.943536280233528,
    0.947372810675563,
    0.9472894078398666,
    0.9476230191826522,
    0.9475396163469558,
    0.9484570475396163,
    0.948790658882402,
    0.9481234361968307,
    0.9482068390325271,
    0.9482068390325271,
    0.9480400333611343,
    0.9466221851542952,
    0.9462885738115095,
    0.9461217681401167,
    0.946371976647206,
    0.9451209341117598
  ]
}