{
  "train_accs": [
    0.7583347513645824,
    0.8611398353338482,
    0.8980261005013286,
    0.9143683652499444,
    0.9291006191342592,
    0.9387475948008429,
    0.943819783499352,
    0.9477728183043836,
    0.9508030420042671,
    0.9519941882534655,
    0.9552011204628454,
    0.9560846630103277,
    0.9583098812780606,
    0.9600507873345812,
    0.960122779690302,
    0.9612026650261136,
    0.9628257654096365,
    0.964239433485608
  ],
  "val_accs": [
    0.5811509591326105,
    0.832276897414512,
    0.9090075062552126,
    0.9287739783152628,
    0.93185988323603,
    0.9371976647206005,
    0.9436196830692244,
    0.9456213511259383,
    0.9459549624687239,
    0.943536280233528,
    0.94395329441201,
    0.9443703085904921,
    0.9452043369474562,
    0.9452877397831526,
    0.9452877397831526,
    0.9452043369474562,
    0.9445371142618849,
    0.9452877397831526
  ]
}