{
  "train_accs": [
    0.829921331989476,
    0.9391664594159457,
    0.9551814861840124,
    0.9638402031493383,
    0.9687029595402961,
    0.975110279199445,
    0.981805568281477,
    0.9851892090003534,
    0.9880361794311295,
    0.9895545636608767,
    0.9914656334672828,
    0.9928203987067555,
    0.9938544707252902,
    0.9948492741861591,
    0.9952354150032069,
    0.9961058680314672
  ],
  "val_accs": [
    0.4998331943286072,
    0.4998331943286072,
    0.6151793160967473,
    0.9192660550458716,
    0.9525437864887406,
    0.9576313594662218,
    0.9581317764804004,
    0.9572977481234362,
    0.9566305254378649,
    0.956463719766472,
    0.9575479566305254,
    0.9567973311092577,
    0.95604670558799,
    0.9552126772310259,
    0.956463719766472,
    0.9570475396163469
  ]
}