model,val_accuracy,val_f1,val_auroc,val_auprc,threshold,checkpoint
rc_dilated_bigru_gated,0.9208899876390606,0.9209318743381575,0.9689352846910815,0.9677207213624054,0.49999999999999994,results/checkpoints/rc_dilated_bigru_gated.pt
cnn1d_baseline,0.8010771675790217,0.8163664520335806,0.8923243680738074,0.8852323440949418,0.25,results/checkpoints/cnn1d_baseline.pt
mlp_baseline,0.6033021366766731,0.7006462788993271,0.6895332827682619,0.6547811521673804,0.35,results/checkpoints/mlp_baseline.pt
logistic_baseline,0.5685149214197421,0.6791833519333027,0.6222257343784612,0.5958430128279716,0.35,results/checkpoints/logistic_baseline.pt
