{
  "accuracy": 0.9163870739890517,
  "f1": 0.9188169738534077,
  "auroc": 0.9692972477833189,
  "auprc": 0.9675853930601589,
  "best_threshold": 0.3
}