{
  "validation": {
    "accuracy": 0.5685149214197421,
    "f1": 0.6791833519333027,
    "auroc": 0.6222257343784612,
    "auprc": 0.5958430128279716
  }
}