{
  "validation": {
    "accuracy": 0.9208899876390606,
    "f1": 0.9209318743381575,
    "auroc": 0.9689352846910815,
    "auprc": 0.9677207213624054
  }
}