{
  "validation": {
    "accuracy": 0.8621755253399258,
    "f1": 0.8650237786424557,
    "auroc": 0.936347240474209,
    "auprc": 0.9354204925663638
  }
}