{
  "validation": {
    "accuracy": 0.7888928129966449,
    "f1": 0.8035171337003862,
    "auroc": 0.8775529031136309,
    "auprc": 0.8712091249438243
  }
}