{
  "validation": {
    "accuracy": 0.8669433162634645,
    "f1": 0.8696479543292103,
    "auroc": 0.9390942060710017,
    "auprc": 0.9362449489514075
  }
}