{
  "validation": {
    "accuracy": 0.8010771675790217,
    "f1": 0.8163664520335806,
    "auroc": 0.8923243680738074,
    "auprc": 0.8852323440949418
  }
}