{
  "validation": {
    "accuracy": 0.9181529224792513,
    "f1": 0.9191170054969026,
    "auroc": 0.9691678104301249,
    "auprc": 0.967014452472161
  }
}