{
  "train_accs": [
    0.596643130448503,
    0.6513549761350637,
    0.7087294386809199,
    0.7648876441429003,
    0.7878584671216126,
    0.8060431541162084,
    0.8192313255229905,
    0.82936899267616,
    0.8346810776695199,
    0.8425177179072489,
    0.8495128397301882,
    0.8537927497929075,
    0.8585131421508685,
    0.8619449594361827,
    0.8655016896111922,
    0.8694791789935966,
    0.8721680933033542,
    0.8741272533627865,
    0.8765466188053068,
    0.8778154707901069,
    0.8800244566289298,
    0.882345206632217,
    0.8851064389307457
  ],
  "val_accs": [
    0.5,
    0.519159456118665,
    0.6165460003531696,
    0.7620519159456118,
    0.7804167402436871,
    0.7815645417623168,
    0.7891576902701748,
    0.7940137736182236,
    0.7936606039201837,
    0.7953381599858732,
    0.7978103478721525,
    0.7984283948437224,
    0.8006357054564718,
    0.8014303372770616,
    0.800194243333922,
    0.7995761963623521,
    0.8013420448525517,
    0.8008122903054918,
    0.8010771675790217,
    0.799752781211372,
    0.7980752251456825,
    0.7993113190888221,
    0.7972805933250927
  ]
}