{
  "train_accs": [
    0.6920657705859324,
    0.757609376631513,
    0.7965060083594566,
    0.8275583681654232,
    0.8500349105051257,
    0.8640637242099765,
    0.8792091603849865,
    0.8875917648210382,
    0.893778699645168,
    0.8998309189782022,
    0.9056607459110324,
    0.9094954715109754,
    0.9128448450277703,
    0.9158329580828944,
    0.9185073049140963,
    0.9225228046823004,
    0.9260482265800895,
    0.9282666840628874,
    0.9317860101632778,
    0.9341512464578137,
    0.9336915573604592,
    0.9399637132564089,
    0.9379121668386069,
    0.9440174341976485,
    0.9458320833713757,
    0.9485405913329461,
    0.9511214129476674
  ],
  "val_accs": [
    0.5982694684796045,
    0.7199364294543528,
    0.7798869856966272,
    0.8393077873918418,
    0.8704750132438637,
    0.8867208193536995,
    0.8993466360586262,
    0.9043793042556949,
    0.9082641709341338,
    0.9111778209429631,
    0.911619283065513,
    0.9140031785272824,
    0.9155924421684619,
    0.9158573194419919,
    0.915680734592972,
    0.9173582906586615,
    0.9173582906586615,
    0.9184177997527813,
    0.9159456118665018,
    0.9174465830831715,
    0.9174465830831715,
    0.9182412149037612,
    0.9161221967155219,
    0.9157690270174819,
    0.9145329330743422,
    0.9132085467066926,
    0.9132968391312025
  ]
}