{
  "train_accs": [
    0.565053318080812,
    0.5891878032424757,
    0.5906736091935887,
    0.590351465425427,
    0.590134511459114,
    0.5892864186817088,
    0.5892535468686311,
    0.5893653110330953,
    0.5892601212312466,
    0.5893587366704798,
    0.5897794958778746,
    0.5900424703824965,
    0.5900753421955741
  ],
  "val_accs": [
    0.5411442698216493,
    0.5663959032315027,
    0.5752251456825005,
    0.5758431926540702,
    0.5748719759844605,
    0.5739007593148507,
    0.5735475896168108,
    0.5734592971923009,
    0.5734592971923009,
    0.5738124668903408,
    0.5742539290128907,
    0.5746070987109306,
    0.5749602684089705
  ]
}