{
  "train_accs": [
    0.6948323111053112,
    0.7589928996554245,
    0.7926005747126437,
    0.8320897951742907,
    0.8495324602444387,
    0.8637111517367458,
    0.8800959858107932,
    0.8873633723775654,
    0.8935569296597787,
    0.89912587070198,
    0.9042869048859257,
    0.9071072481925195,
    0.9125642046455773,
    0.9138947079898976,
    0.9168629651621828,
    0.9208980934111107,
    0.924260123339968,
    0.9272359579881271,
    0.9301421423772155,
    0.9339553651879807,
    0.9359048856447053,
    0.9391348613794184,
    0.9394400407433041,
    0.944611188683431,
    0.9479189763789798,
    0.9492910138534523,
    0.9500571316640005,
    0.954654919236417
  ],
  "val_accs": [
    0.50008829242451,
    0.734592971923009,
    0.8105244570015893,
    0.8484901995408793,
    0.8723291541585732,
    0.8849549708635,
    0.8975807875684266,
    0.9033197951615751,
    0.907292954264524,
    0.907646123962564,
    0.9127670845841427,
    0.9140914709517923,
    0.914974395196892,
    0.9177997527812114,
    0.9181529224792513,
    0.9177997527812114,
    0.9180646300547413,
    0.9183295073282712,
    0.9187709694508212,
    0.9185943846018012,
    0.9165636588380717,
    0.9178880452057213,
    0.9177997527812114,
    0.9133851315557125,
    0.9137383012537524,
    0.9132085467066926,
    0.9110012360939431,
    0.9094119724527635
  ]
}