model,val_accuracy,val_f1,val_auroc,val_auprc,threshold,checkpoint
rc_dilated_bigru_gated,0.919035846724351,0.9205579138872043,0.9689819488681606,0.9681574309033656,0.39999999999999997,results/checkpoints/rc_dilated_bigru_gated.pt
cnn1d_baseline,0.7980752251456825,0.8129549357978245,0.8876618637332438,0.8793823176374519,0.25,results/checkpoints/cnn1d_baseline.pt
mlp_baseline,0.6033021366766731,0.7006462788993271,0.6895332827682619,0.6547811521673804,0.35,results/checkpoints/mlp_baseline.pt
logistic_baseline,0.5685149214197421,0.6791833519333027,0.6222257343784612,0.5958430128279716,0.35,results/checkpoints/logistic_baseline.pt
