{
  "validation": {
    "accuracy": 0.7980752251456825,
    "f1": 0.8129549357978245,
    "auroc": 0.8876618637332438,
    "auprc": 0.8793823176374519,
    "best_threshold": 0.25
  }
}