{
  "accuracy": 0.9177997527812114,
  "f1": 0.9195819296881749,
  "auroc": 0.9695224145208318,
  "auprc": 0.9678835498427414,
  "best_threshold": 0.39999999999999997
}