{
  "validation": {
    "accuracy": 0.6033021366766731,
    "f1": 0.7006462788993271,
    "auroc": 0.6895332827682619,
    "auprc": 0.6547811521673804,
    "best_threshold": 0.35
  }
}