{
  "validation": {
    "accuracy": 0.919035846724351,
    "f1": 0.9205579138872043,
    "auroc": 0.9689819488681606,
    "auprc": 0.9681574309033656,
    "best_threshold": 0.39999999999999997
  }
}