{
  "train_accs": [
    0.596643130448503,
    0.6515850788266078,
    0.7082034896716763,
    0.7648153261541294,
    0.7884633084822427,
    0.8059971335778996,
    0.8203292440797865,
    0.8304406137824938,
    0.8388163517546974,
    0.8437208262658935,
    0.849341906302184,
    0.854075447385376,
    0.8582238701957845,
    0.8630297292677475,
    0.8651400996673373,
    0.8674608496706244,
    0.8724376421705916,
    0.8750936846672716,
    0.8763165161137628,
    0.8783216967115038,
    0.8814708164043495,
    0.8835614637160927
  ],
  "val_accs": [
    0.5,
    0.519247748543175,
    0.6156630761080699,
    0.7625816704926718,
    0.7784743069044676,
    0.7801518629701572,
    0.7897757372417447,
    0.7951615751368533,
    0.7991347342398022,
    0.8024898463711814,
    0.800194243333922,
    0.8020483842486315,
    0.8034610630407911,
    0.8009888751545118,
    0.8022249690976514,
    0.8008122903054918,
    0.8004591206074518,
    0.8008122903054918,
    0.799752781211372,
    0.7995761963623521,
    0.8008122903054918,
    0.799929366060392
  ]
}