{
  "train_accs": [
    0.6921049197442255,
    0.7575963245275138,
    0.796264367816092,
    0.8275127934684948,
    0.8501262650979778,
    0.8636523896578742,
    0.8789352878270169,
    0.8866912460439166,
    0.8936939052389897,
    0.8998766165516611,
    0.9045408375872487,
    0.9086602458695482,
    0.9105540363266132,
    0.9156567535289857,
    0.9175937828296999,
    0.921694136684545,
    0.9243710640519464,
    0.9271511514123557,
    0.9293202084841843,
    0.9332175457382765,
    0.9329798972336661,
    0.9389847543465776,
    0.9389568669443827,
    0.9433323328678994,
    0.945519049420235,
    0.9473986440191325,
    0.9505533609741765,
    0.9516984826235928,
    0.9534499533128301
  ],
  "val_accs": [
    0.5981811760550945,
    0.7199364294543528,
    0.7778562599328978,
    0.8366590146565425,
    0.8702984283948437,
    0.8867208193536995,
    0.8997880981811761,
    0.9034963800105951,
    0.907292954264524,
    0.9101183118488434,
    0.9119724527635529,
    0.9139148861027724,
    0.9157690270174819,
    0.9170051209606216,
    0.9175348755076814,
    0.9177997527812114,
    0.9179763376302313,
    0.9173582906586615,
    0.9174465830831715,
    0.9185943846018012,
    0.9182412149037612,
    0.9179763376302313,
    0.9170934133851315,
    0.9159456118665018,
    0.9147978103478721,
    0.915680734592972,
    0.9132968391312025,
    0.9163870739890517,
    0.9157690270174819
  ]
}