{
  "train_accs": [
    0.6978859454521728,
    0.7586143886394486,
    0.7917123824451411,
    0.8309699597640533,
    0.8500479611612474,
    0.8639592582919823,
    0.8777941521688098,
    0.8863258181343601,
    0.892154560634523,
    0.899165040050659,
    0.9036618397749766,
    0.9063437997546525,
    0.9096207438928084,
    0.9128635850448016,
    0.9164975563284242,
    0.9202325490349607,
    0.9214996573889778,
    0.9256376802139735,
    0.9280612145051762,
    0.931604789949985,
    0.9307992139093645,
    0.9372291547016133,
    0.9356072972302388,
    0.9406506505200245,
    0.9441299612620485,
    0.9455780537302525,
    0.9480526264242107,
    0.9503540544950236
  ],
  "val_accs": [
    0.50008829242451,
    0.7006003884866678,
    0.8067278827476603,
    0.84584142680558,
    0.8733886632526929,
    0.8878686208723292,
    0.896079816351757,
    0.9027900406145153,
    0.9065866148684443,
    0.9106480663959032,
    0.9119724527635529,
    0.9135617164047325,
    0.9158573194419919,
    0.9163870739890517,
    0.9181529224792513,
    0.9183295073282712,
    0.9180646300547413,
    0.9189475542998411,
    0.9208899876390606,
    0.9208016952145506,
    0.9209782800635705,
    0.9200070633939608,
    0.9186826770263111,
    0.9198304785449408,
    0.9185943846018012,
    0.9186826770263111,
    0.9175348755076814,
    0.9170051209606216
  ]
}