{
  "train_accs": [
    0.733909247498455,
    0.8182254480428123,
    0.8608338921541556,
    0.8872431067807977,
    0.9100561450567367,
    0.9266235388479087,
    0.9460310572889958,
    0.9463729241450042,
    0.9644655700629824,
    0.9739458009545975,
    0.9787516600265604,
    0.9829198059248155,
    0.9831893547920529,
    0.9868775722193733,
    0.9871011005483018,
    0.9880609574901713,
    0.9907235743494668
  ],
  "val_accs": [
    0.49991170757549,
    0.5009712166696098,
    0.6400317852728236,
    0.8166166342927776,
    0.8528165283418683,
    0.8587321207840367,
    0.8580257813879569,
    0.861469185943846,
    0.8589087056330567,
    0.8564365177467773,
    0.8561716404732473,
    0.8553770086526576,
    0.8557301783506975,
    0.8563482253222674,
    0.8565248101712873,
    0.8573194419918772,
    0.8584672435105068
  ]
}