{
  "train_accs": [
    0.593237610613651,
    0.648219005167449,
    0.7258359302065664,
    0.8169565960580122,
    0.8399076959488777,
    0.8940212746374239,
    0.9090371188513273,
    0.9056578964669375,
    0.9393120586959094,
    0.908537467292546,
    0.9483452329296674,
    0.9400944078471593
  ],
  "val_accs": [
    0.5839660957089882,
    0.61575136853258,
    0.6342927776796751,
    0.6341161928306551,
    0.6210489140031785,
    0.6138972276178704,
    0.6090411442698217,
    0.6032138442521632,
    0.5974748366590147,
    0.5974748366590147,
    0.599682147271764,
    0.5980928836305845
  ]
}