{
  "train_accs": [
    0.6909043455565705,
    0.7594105669833977,
    0.8047544409613375,
    0.8328385223381122,
    0.8516792931764644,
    0.864873335074432,
    0.8770833876731265,
    0.8865868380697576,
    0.8928655291170946,
    0.8994392254914121,
    0.9045147932076258,
    0.9065004045624201,
    0.9112327944602894,
    0.9142927997598397,
    0.9172609997846698,
    0.9210546920878518,
    0.9238685678859269,
    0.9267727836127602,
    0.929235405780935,
    0.9301291510505766,
    0.9331561800173671,
    0.9384104317861431,
    0.9382190474946785,
    0.9424449635265102,
    0.9459951218875947,
    0.9460217818293344,
    0.9471842251314029,
    0.9519464839288628
  ],
  "val_accs": [
    0.50008829242451,
    0.7272647006886809,
    0.8146742009535581,
    0.850079463182059,
    0.873035493554653,
    0.8880452057213492,
    0.8968744481723468,
    0.9015539466713756,
    0.9064983224439344,
    0.911354405791983,
    0.911354405791983,
    0.9129436694331626,
    0.9134734239802225,
    0.9150626876214021,
    0.9157690270174819,
    0.9163870739890517,
    0.9175348755076814,
    0.9170051209606216,
    0.9182412149037612,
    0.9183295073282712,
    0.915415857319442,
    0.9168285361116016,
    0.9157690270174819,
    0.9155924421684619,
    0.9151509800459121,
    0.915415857319442,
    0.915415857319442,
    0.9140031785272824
  ]
}