{
  "train_accs": [
    0.6380090200255085,
    0.7130685180071792,
    0.7616859295491302,
    0.7827633360945656,
    0.8102967667284656,
    0.8274952993307298,
    0.8435367441126583,
    0.8573494799679171,
    0.8701300408925354,
    0.87730924486871,
    0.8869735579135603,
    0.8936794077814156,
    0.9017132788976109,
    0.9104966273519782,
    0.9163215126293506,
    0.9244079786464702,
    0.9303249050004602,
    0.9218768490394856,
    0.9341446096800915,
    0.9400089411331571,
    0.9443743179098787,
    0.9505081982301816,
    0.9486870997856758,
    0.9529604354857797,
    0.9532036869025547,
    0.9598043469685614,
    0.9699946090226552,
    0.9724994411791776,
    0.9746558321170763
  ],
  "val_accs": [
    0.6177820942963094,
    0.6756136323503443,
    0.7608158220024722,
    0.7990464418152923,
    0.8198834539996468,
    0.8373653540526222,
    0.8456648419565601,
    0.8526399434928483,
    0.8571428571428571,
    0.8598799223026664,
    0.8627935723114957,
    0.8634999117075755,
    0.865442345046795,
    0.8643828359526753,
    0.865530637471305,
    0.8650891753487551,
    0.8657072223203249,
    0.8657072223203249,
    0.8657955147448348,
    0.8659720995938548,
    0.8634116192830655,
    0.8636764965565954,
    0.8636764965565954,
    0.8639413738301254,
    0.8635882041320855,
    0.8608511389722762,
    0.8626169874624757,
    0.8612926010948261,
    0.8598799223026664
  ]
}