{
  "train_accs": [
    0.6329927813498482,
    0.7141335647508974,
    0.7592468410187633,
    0.7950179480099404,
    0.8257136470619173,
    0.8543975911535376,
    0.8776642604499494,
    0.8941264644392726,
    0.9084125544028506,
    0.9208775459219228,
    0.9294373660473617,
    0.9352819744125807,
    0.9417905934019697,
    0.9478127095578084,
    0.951080167777734,
    0.9524673582896138,
    0.9576874022063561,
    0.9613821939962921
  ],
  "val_accs": [
    0.49991170757549,
    0.5007946318205898,
    0.5625993289775737,
    0.6825004414621225,
    0.7363588204132085,
    0.7662016598975808,
    0.7737948084054388,
    0.776973335687798,
    0.7814762493378068,
    0.7795338159985873,
    0.7814762493378068,
    0.7799752781211372,
    0.7790923538760375,
    0.7791806463005474,
    0.7782094296309376,
    0.780505032668197,
    0.7780328447819177,
    0.7795338159985873
  ]
}