model,val_accuracy,val_f1,val_auroc,val_auprc,threshold,checkpoint
rc_dilated_bigru_gated,0.9778982485404504,0.9780028222794057,0.9961951747329252,0.9951956770861285,0.49999999999999994,results/checkpoints/rc_dilated_bigru_gated.pt
cnn1d_baseline,0.946371976647206,0.9471086616764004,0.9879403381539482,0.9871818415613569,0.35,results/checkpoints/cnn1d_baseline.pt
mlp_baseline,0.7993327773144286,0.8186614410611999,0.8788511976662451,0.8515920872092217,0.49999999999999994,results/checkpoints/mlp_baseline.pt
logistic_baseline,0.7624687239366138,0.7958130197877832,0.8344956309290972,0.7874429256507027,0.35,results/checkpoints/logistic_baseline.pt
