{
  "accuracy": 0.9788156797331109,
  "f1": 0.9789211618257262,
  "auroc": 0.9966262957943179,
  "auprc": 0.9960888152003091,
  "best_threshold": 0.7
}