{
  "validation": {
    "accuracy": 0.9778982485404504,
    "f1": 0.9780028222794057,
    "auroc": 0.9961951747329252,
    "auprc": 0.9951956770861285
  }
}