{
  "validation": {
    "accuracy": 0.7624687239366138,
    "f1": 0.7958130197877832,
    "auroc": 0.8344956309290972,
    "auprc": 0.7874429256507027
  }
}