{
  "validation": {
    "accuracy": 0.9502919099249374,
    "f1": 0.9506131919124958,
    "auroc": 0.987757839651791,
    "auprc": 0.9881202711909767
  }
}