{
  "validation": {
    "accuracy": 0.9581317764804004,
    "f1": 0.9581457395364349,
    "auroc": 0.9921917407894669,
    "auprc": 0.9920066155287856
  }
}