{
  "validation": {
    "accuracy": 0.7993327773144286,
    "f1": 0.8186614410611999,
    "auroc": 0.8788511976662451,
    "auprc": 0.8515920872092217
  }
}