{
  "validation": {
    "accuracy": 0.9638031693077564,
    "f1": 0.9640371229698376,
    "auroc": 0.988495610506182,
    "auprc": 0.9858587653144955
  }
}