{
  "validation": {
    "accuracy": 0.946371976647206,
    "f1": 0.9471086616764004,
    "auroc": 0.9879403381539482,
    "auprc": 0.9871818415613569
  }
}