{
  "validation": {
    "accuracy": 0.9787322768974145,
    "f1": 0.9787091926191868,
    "auroc": 0.9953986532172587,
    "auprc": 0.9947834058790683
  }
}